<?xml version="1.0" encoding="UTF-8"?>
<project-private xmlns="http://www.netbeans.org/ns/project-private/1">
    <editor-bookmarks xmlns="http://www.netbeans.org/ns/editor-bookmarks/2" lastBookmarkId="0"/>
    <open-files xmlns="http://www.netbeans.org/ns/projectui-open-files/2">
        <group>
            <file>file:/C:/Users/diego_m66h/OneDrive/DAZ%20UMCA/Progra%201/Examen%20Final/src/ProyectoInventario/Gestor/BaseDatosProvedores.java</file>
            <file>file:/C:/Users/diego_m66h/OneDrive/DAZ%20UMCA/Progra%201/Examen%20Final/src/ProyectoInventario/Gestor/TableModelProducto.java</file>
            <file>file:/C:/Users/diego_m66h/OneDrive/DAZ%20UMCA/Progra%201/Examen%20Final/src/ProyectoInventario/Gestor/ProvedoresFrame.java</file>
            <file>file:/C:/Users/diego_m66h/OneDrive/DAZ%20UMCA/Progra%201/Examen%20Final/src/ProyectoInventario/Gestor/Principal.java</file>
            <file>file:/C:/Users/diego_m66h/OneDrive/DAZ%20UMCA/Progra%201/Examen%20Final/src/ProyectoInventario/Gestor/Facturaa.java</file>
            <file>file:/C:/Users/diego_m66h/OneDrive/DAZ%20UMCA/Progra%201/Examen%20Final/src/ProyectoInventario/Gestor/Producto.java</file>
            <file>file:/C:/Users/diego_m66h/OneDrive/DAZ%20UMCA/Progra%201/Examen%20Final/src/ProyectoInventario/Gestor/Provedor.java</file>
            <file>file:/C:/Users/diego_m66h/OneDrive/DAZ%20UMCA/Progra%201/Examen%20Final/src/ProyectoInventario/Inventario.java</file>
            <file>file:/C:/Users/diego_m66h/OneDrive/DAZ%20UMCA/Progra%201/Examen%20Final/src/ProyectoInventario/SisBloquedo.java</file>
            <file>file:/C:/Users/diego_m66h/OneDrive/DAZ%20UMCA/Progra%201/Examen%20Final/src/ProyectoInventario/Gestor/TableModelProvedor.java</file>
            <file>file:/C:/Users/diego_m66h/OneDrive/DAZ%20UMCA/Progra%201/Examen%20Final/src/ProyectoInventario/Menu1.java</file>
            <file>file:/C:/Users/diego_m66h/OneDrive/DAZ%20UMCA/Progra%201/Examen%20Final/src/ProyectoInventario/Gestor/BaseDatosProductos.java</file>
        </group>
    </open-files>
</project-private>
